State,District,Market,Commodity,Variety,Grade,Arrival_Date,Min_Price,Max_Price,Modal_Price,Commodity_Code
Andhra Pradesh,Chittor,Madanapalli,Rice,Masuri,FAQ,2004-10-20,550,600,580,3
Andhra Pradesh,Chittor,Madanapalli,Rice,Hansa,FAQ,2004-10-20,450,500,480,3
Andhra Pradesh,Chittor,Madanapalli,Rice,Hansa,FAQ,2004-10-23,930,1000,980,3
Andhra Pradesh,Chittor,Madanapalli,Rice,Masuri,FAQ,2004-10-23,1340,1400,1380,3
Andhra Pradesh,Chittor,Madanapalli,Rice,Hansa,FAQ,2004-10-25,930,1000,980,3
Andhra Pradesh,Chittor,Madanapalli,Rice,Masuri,FAQ,2004-10-25,1350,1400,1380,3
Andhra Pradesh,Chittor,Madanapalli,Rice,Hansa,FAQ,2004-10-26,950,1000,980,3
Andhra Pradesh,Chittor,Madanapalli,Rice,Masuri,FAQ,2004-10-26,1320,1400,1370,3
Andhra Pradesh,Chittor,Madanapalli,Rice,Hansa,FAQ,2004-10-27,910,1000,980,3
Andhra Pradesh,Chittor,Madanapalli,Rice,Masuri,FAQ,2004-10-27,1320,1400,1380,3
Andhra Pradesh,Chittor,Madanapalli,Rice,Masuri,FAQ,2004-10-28,1330,1400,1370,3
Andhra Pradesh,Chittor,Madanapalli,Rice,Hansa,FAQ,2004-10-28,910,1000,970,3
Andhra Pradesh,Chittor,Madanapalli,Rice,Hansa,FAQ,2004-10-29,920,1000,980,3
Andhra Pradesh,Chittor,Madanapalli,Rice,Masuri,FAQ,2004-10-29,1300,1400,1350,3
Andhra Pradesh,Chittor,Madanapalli,Rice,Masuri,FAQ,2004-10-30,1300,1400,1350,3
Andhra Pradesh,Chittor,Madanapalli,Rice,Hansa,FAQ,2004-10-30,900,1000,950,3
Andhra Pradesh,Chittor,Madanapalli,Rice,Masuri,FAQ,2004-10-31,1300,1400,1350,3
Andhra Pradesh,Chittor,Madanapalli,Rice,Hansa,FAQ,2004-10-31,920,1000,960,3
Andhra Pradesh,Chittor,Madanapalli,Rice,Hansa,FAQ,2004-11-05,900,1000,950,3
Andhra Pradesh,Chittor,Madanapalli,Rice,Masuri,FAQ,2004-11-05,1350,1450,1400,3
Andhra Pradesh,Chittor,Madanapalli,Rice,Masuri,FAQ,2004-11-06,1350,1460,1400,3
Andhra Pradesh,Chittor,Madanapalli,Rice,Hansa,FAQ,2004-11-06,950,1050,1000,3
Andhra Pradesh,Chittor,Madanapalli,Rice,Masuri,FAQ,2004-11-16,1300,1400,1350,3
Andhra Pradesh,Chittor,Madanapalli,Rice,Hansa,FAQ,2004-11-16,950,1000,970,3
Andhra Pradesh,Chittor,Madanapalli,Rice,Hansa,FAQ,2004-11-17,930,1000,970,3
Andhra Pradesh,Chittor,Madanapalli,Rice,Masuri,FAQ,2004-11-17,1300,1400,1350,3
Andhra Pradesh,Chittor,Madanapalli,Rice,Masuri,FAQ,2004-11-19,1300,1400,1350,3
Andhra Pradesh,Chittor,Madanapalli,Rice,Hansa,FAQ,2004-11-19,940,1000,980,3
Andhra Pradesh,Chittor,Madanapalli,Rice,Hansa,FAQ,2004-11-20,940,1000,970,3
Andhra Pradesh,Chittor,Madanapalli,Rice,Masuri,FAQ,2004-11-20,1300,1420,1360,3
Andhra Pradesh,Chittor,Madanapalli,Rice,Hansa,FAQ,2004-11-22,950,1000,970,3
Andhra Pradesh,Chittor,Madanapalli,Rice,Masuri,FAQ,2004-11-22,1300,1400,1350,3
Andhra Pradesh,Chittor,Madanapalli,Rice,Hansa,FAQ,2004-11-23,920,1000,960,3
Andhra Pradesh,Chittor,Madanapalli,Rice,Masuri,FAQ,2004-11-23,1280,1380,1340,3
Andhra Pradesh,Chittor,Madanapalli,Rice,Masuri,FAQ,2004-11-24,1350,1450,1400,3
Andhra Pradesh,Chittor,Madanapalli,Rice,Hansa,FAQ,2004-11-24,920,1000,960,3
Andhra Pradesh,Chittor,Madanapalli,Rice,Hansa,FAQ,2004-11-25,920,1000,960,3
Andhra Pradesh,Chittor,Madanapalli,Rice,Masuri,FAQ,2004-11-25,1300,1400,1350,3
Andhra Pradesh,Chittor,Madanapalli,Rice,Hansa,FAQ,2004-11-26,930,1000,960,3
Andhra Pradesh,Chittor,Madanapalli,Rice,Masuri,FAQ,2004-11-26,1300,1400,1350,3
Andhra Pradesh,Chittor,Madanapalli,Rice,Hansa,FAQ,2004-11-27,950,1000,980,3
Andhra Pradesh,Chittor,Madanapalli,Rice,Masuri,FAQ,2004-11-27,1300,1400,1350,3
Andhra Pradesh,Chittor,Madanapalli,Rice,Masuri,FAQ,2004-11-29,1300,1400,1350,3
Andhra Pradesh,Chittor,Madanapalli,Rice,Hansa,FAQ,2004-11-29,950,1000,970,3
Andhra Pradesh,Chittor,Madanapalli,Rice,Hansa,FAQ,2004-11-30,930,1000,960,3
Andhra Pradesh,Chittor,Madanapalli,Rice,Masuri,FAQ,2004-11-30,1300,1400,1350,3
Andhra Pradesh,Chittor,Madanapalli,Rice,Masuri,FAQ,2004-12-01,1300,1400,1350,3
Andhra Pradesh,Chittor,Madanapalli,Rice,Hansa,FAQ,2004-12-01,950,1000,980,3
Andhra Pradesh,Chittor,Madanapalli,Rice,Hansa,FAQ,2004-12-02,950,1000,970,3
Andhra Pradesh,Chittor,Madanapalli,Rice,Masuri,FAQ,2004-12-02,1300,1400,1350,3
Andhra Pradesh,Chittor,Madanapalli,Rice,Hansa,FAQ,2004-12-03,950,1000,970,3
Andhra Pradesh,Chittor,Madanapalli,Rice,Masuri,FAQ,2004-12-03,1300,1400,1350,3
Andhra Pradesh,Chittor,Madanapalli,Rice,Hansa,FAQ,2004-12-04,950,1000,980,3
Andhra Pradesh,Chittor,Madanapalli,Rice,Masuri,FAQ,2004-12-04,1300,1400,1350,3
Andhra Pradesh,Chittor,Madanapalli,Rice,Masuri,FAQ,2004-12-05,1300,1400,1350,3
Andhra Pradesh,Chittor,Madanapalli,Rice,Hansa,FAQ,2004-12-05,950,1000,970,3
Andhra Pradesh,Chittor,Madanapalli,Rice,Hansa,FAQ,2004-12-06,900,980,940,3
Andhra Pradesh,Chittor,Madanapalli,Rice,Masuri,FAQ,2004-12-06,1300,1390,1350,3
Andhra Pradesh,Chittor,Madanapalli,Rice,Masuri,FAQ,2004-12-07,1300,1390,1350,3
Andhra Pradesh,Chittor,Madanapalli,Rice,Hansa,FAQ,2004-12-07,900,980,940,3
Andhra Pradesh,Chittor,Madanapalli,Rice,Masuri,FAQ,2004-12-08,1300,1390,1350,3
Andhra Pradesh,Chittor,Madanapalli,Rice,Hansa,FAQ,2004-12-08,900,980,940,3
Andhra Pradesh,Chittor,Madanapalli,Rice,Masuri,FAQ,2004-12-09,1300,1400,1350,3
Andhra Pradesh,Chittor,Madanapalli,Rice,Hansa,FAQ,2004-12-09,900,980,940,3
Andhra Pradesh,Chittor,Madanapalli,Rice,Hansa,FAQ,2004-12-10,900,980,940,3
Andhra Pradesh,Chittor,Madanapalli,Rice,Masuri,FAQ,2004-12-10,1300,1400,1350,3
Andhra Pradesh,Chittor,Madanapalli,Rice,Hansa,FAQ,2004-12-11,950,1050,1000,3
Andhra Pradesh,Chittor,Madanapalli,Rice,Masuri,FAQ,2004-12-11,1350,1450,1400,3
Andhra Pradesh,Chittor,Madanapalli,Rice,Hansa,FAQ,2004-12-12,950,1050,1000,3
Andhra Pradesh,Chittor,Madanapalli,Rice,Masuri,FAQ,2004-12-13,1350,1450,1400,3
Andhra Pradesh,Chittor,Madanapalli,Rice,Hansa,FAQ,2004-12-13,950,1050,1000,3
Andhra Pradesh,Chittor,Madanapalli,Rice,Masuri,FAQ,2004-12-14,1350,1450,1400,3
Andhra Pradesh,Chittor,Madanapalli,Rice,Hansa,FAQ,2004-12-14,950,1050,1000,3
Andhra Pradesh,Chittor,Madanapalli,Rice,Masuri,FAQ,2004-12-15,1350,1450,1400,3
Andhra Pradesh,Chittor,Madanapalli,Rice,Hansa,FAQ,2004-12-15,950,1050,1000,3
Andhra Pradesh,Chittor,Madanapalli,Rice,Hansa,FAQ,2004-12-16,960,1050,1000,3
Andhra Pradesh,Chittor,Madanapalli,Rice,Masuri,FAQ,2004-12-16,1350,1450,1400,3
Andhra Pradesh,Chittor,Madanapalli,Rice,Hansa,FAQ,2004-12-17,960,1050,1000,3
Andhra Pradesh,Chittor,Madanapalli,Rice,Masuri,FAQ,2004-12-17,1350,1450,1400,3
Andhra Pradesh,Chittor,Madanapalli,Rice,Hansa,FAQ,2004-12-18,960,1050,1000,3
Andhra Pradesh,Chittor,Madanapalli,Rice,Masuri,FAQ,2004-12-18,1350,1450,1400,3
Andhra Pradesh,Chittor,Madanapalli,Rice,Hansa,FAQ,2004-12-19,960,1050,1000,3
Andhra Pradesh,Chittor,Madanapalli,Rice,Masuri,FAQ,2004-12-19,1350,1450,1400,3
Andhra Pradesh,Chittor,Madanapalli,Rice,Hansa,FAQ,2004-12-20,960,1050,1000,3
Andhra Pradesh,Chittor,Madanapalli,Rice,Masuri,FAQ,2004-12-20,1350,1450,1400,3
Andhra Pradesh,Chittor,Madanapalli,Rice,Masuri,FAQ,2004-12-21,1340,1450,1400,3
Andhra Pradesh,Chittor,Madanapalli,Rice,Hansa,FAQ,2004-12-21,950,1050,1000,3
Andhra Pradesh,Chittor,Madanapalli,Rice,Masuri,FAQ,2004-12-22,1340,1450,1400,3
Andhra Pradesh,Chittor,Madanapalli,Rice,Hansa,FAQ,2004-12-22,950,1050,1000,3
Andhra Pradesh,Chittor,Madanapalli,Rice,Masuri,FAQ,2004-12-23,1340,1450,1400,3
Andhra Pradesh,Chittor,Madanapalli,Rice,Hansa,FAQ,2004-12-23,950,1050,1000,3
Andhra Pradesh,Chittor,Madanapalli,Rice,Hansa,FAQ,2004-12-24,950,1050,1000,3
Andhra Pradesh,Chittor,Madanapalli,Rice,Masuri,FAQ,2004-12-24,1340,1450,1400,3
Andhra Pradesh,Chittor,Madanapalli,Rice,Masuri,FAQ,2004-12-25,1340,1450,1400,3
Andhra Pradesh,Chittor,Madanapalli,Rice,Hansa,FAQ,2004-12-25,950,1050,1000,3
Andhra Pradesh,Chittor,Madanapalli,Rice,Masuri,FAQ,2004-12-26,1340,1450,1400,3
Andhra Pradesh,Chittor,Madanapalli,Rice,Hansa,FAQ,2004-12-26,950,1050,1000,3
Andhra Pradesh,Chittor,Madanapalli,Rice,Hansa,FAQ,2004-12-27,910,1000,950,3
Andhra Pradesh,Chittor,Madanapalli,Rice,Masuri,FAQ,2004-12-27,1300,1400,1350,3
Andhra Pradesh,Chittor,Madanapalli,Rice,Masuri,FAQ,2004-12-28,1300,1400,1350,3
Andhra Pradesh,Chittor,Madanapalli,Rice,Hansa,FAQ,2004-12-28,910,1000,950,3
Andhra Pradesh,Chittor,Madanapalli,Rice,Masuri,FAQ,2004-12-29,1300,1400,1350,3
Andhra Pradesh,Chittor,Madanapalli,Rice,Hansa,FAQ,2004-12-29,910,1000,950,3
Andhra Pradesh,Chittor,Madanapalli,Rice,Hansa,FAQ,2004-12-30,900,1000,950,3
Andhra Pradesh,Chittor,Madanapalli,Rice,Masuri,FAQ,2004-12-30,1250,1350,1300,3
Andhra Pradesh,Chittor,Madanapalli,Rice,Masuri,FAQ,2004-12-31,1250,1350,1300,3
Andhra Pradesh,Chittor,Madanapalli,Rice,Hansa,FAQ,2004-12-31,900,1000,950,3
Andhra Pradesh,Chittor,Madanapalli,Rice,Masuri,FAQ,2005-01-01,1250,1350,1300,3
Andhra Pradesh,Chittor,Madanapalli,Rice,Hansa,FAQ,2005-01-01,900,1000,950,3
Andhra Pradesh,Chittor,Madanapalli,Rice,Hansa,FAQ,2005-01-02,900,1000,950,3
Andhra Pradesh,Chittor,Madanapalli,Rice,Masuri,FAQ,2005-01-02,1250,1350,1300,3
Andhra Pradesh,Chittor,Madanapalli,Rice,Hansa,FAQ,2005-01-03,900,1000,950,3
Andhra Pradesh,Chittor,Madanapalli,Rice,Masuri,FAQ,2005-01-03,1230,1330,1280,3
Andhra Pradesh,Chittor,Madanapalli,Rice,Hansa,FAQ,2005-01-04,900,1000,950,3
Andhra Pradesh,Chittor,Madanapalli,Rice,Masuri,FAQ,2005-01-04,1230,1330,1280,3
Andhra Pradesh,Chittor,Madanapalli,Rice,Hansa,FAQ,2005-01-05,900,1000,950,3
Andhra Pradesh,Chittor,Madanapalli,Rice,Masuri,FAQ,2005-01-05,1230,1330,1280,3
Andhra Pradesh,Chittor,Madanapalli,Rice,Hansa,FAQ,2005-01-06,900,1000,950,3
Andhra Pradesh,Chittor,Madanapalli,Rice,Masuri,FAQ,2005-01-06,1230,1330,1280,3
Andhra Pradesh,Chittor,Madanapalli,Rice,Hansa,FAQ,2005-01-07,900,1000,950,3
Andhra Pradesh,Chittor,Madanapalli,Rice,Masuri,FAQ,2005-01-07,1230,1330,1280,3
Andhra Pradesh,Chittor,Madanapalli,Rice,Hansa,FAQ,2005-01-08,900,1000,950,3
Andhra Pradesh,Chittor,Madanapalli,Rice,Masuri,FAQ,2005-01-08,1200,1300,1250,3
Andhra Pradesh,Chittor,Madanapalli,Rice,Hansa,FAQ,2005-01-09,900,1000,950,3
Andhra Pradesh,Chittor,Madanapalli,Rice,Masuri,FAQ,2005-01-09,1200,1300,1250,3
Andhra Pradesh,Chittor,Madanapalli,Rice,Masuri,FAQ,2005-01-10,1200,1300,1250,3
Andhra Pradesh,Chittor,Madanapalli,Rice,Hansa,FAQ,2005-01-10,900,1000,950,3
Andhra Pradesh,Chittor,Madanapalli,Rice,Masuri,FAQ,2005-01-11,1200,1300,1250,3
Andhra Pradesh,Chittor,Madanapalli,Rice,Hansa,FAQ,2005-01-11,900,1000,950,3
Andhra Pradesh,Chittor,Madanapalli,Rice,Masuri,FAQ,2005-01-12,1200,1300,1250,3
Andhra Pradesh,Chittor,Madanapalli,Rice,Hansa,FAQ,2005-01-12,900,1000,950,3
Andhra Pradesh,Chittor,Madanapalli,Rice,Hansa,FAQ,2005-01-13,910,1000,950,3
Andhra Pradesh,Chittor,Madanapalli,Rice,Masuri,FAQ,2005-01-13,1220,1300,1260,3
Andhra Pradesh,Chittor,Madanapalli,Rice,Masuri,FAQ,2005-01-14,1220,1300,1260,3
Andhra Pradesh,Chittor,Madanapalli,Rice,Hansa,FAQ,2005-01-14,910,1000,950,3
Andhra Pradesh,Chittor,Madanapalli,Rice,Masuri,FAQ,2005-01-15,1220,1300,1260,3
Andhra Pradesh,Chittor,Madanapalli,Rice,Hansa,FAQ,2005-01-15,910,1000,950,3
Andhra Pradesh,Chittor,Madanapalli,Rice,Masuri,FAQ,2005-01-16,1220,1300,1260,3
Andhra Pradesh,Chittor,Madanapalli,Rice,Hansa,FAQ,2005-01-16,910,1000,950,3
Andhra Pradesh,Chittor,Madanapalli,Rice,Masuri,FAQ,2005-01-17,1220,1300,1260,3
Andhra Pradesh,Chittor,Madanapalli,Rice,Hansa,FAQ,2005-01-17,920,1000,960,3
Andhra Pradesh,Chittor,Madanapalli,Rice,Masuri,FAQ,2005-01-18,1220,1300,1260,3
Andhra Pradesh,Chittor,Madanapalli,Rice,Hansa,FAQ,2005-01-18,920,1000,960,3
Andhra Pradesh,Chittor,Madanapalli,Rice,Hansa,FAQ,2005-01-19,920,1000,960,3
Andhra Pradesh,Chittor,Madanapalli,Rice,Masuri,FAQ,2005-01-19,1220,1300,1260,3
Andhra Pradesh,Chittor,Madanapalli,Rice,Hansa,FAQ,2005-01-20,920,1000,960,3
Andhra Pradesh,Chittor,Madanapalli,Rice,Masuri,FAQ,2005-01-20,1220,1300,1260,3
Andhra Pradesh,Chittor,Madanapalli,Rice,Hansa,FAQ,2005-01-21,950,1050,1000,3
Andhra Pradesh,Chittor,Madanapalli,Rice,Masuri,FAQ,2005-01-21,1250,1350,1300,3
Andhra Pradesh,Chittor,Madanapalli,Rice,Masuri,FAQ,2005-01-22,1250,1350,1300,3
Andhra Pradesh,Chittor,Madanapalli,Rice,Hansa,FAQ,2005-01-22,950,1050,1000,3
Andhra Pradesh,Chittor,Madanapalli,Rice,Hansa,FAQ,2005-01-23,950,1050,1000,3
Andhra Pradesh,Chittor,Madanapalli,Rice,Masuri,FAQ,2005-01-23,1250,1350,1300,3
Andhra Pradesh,Chittor,Madanapalli,Rice,Masuri,FAQ,2005-01-24,1250,1350,1300,3
Andhra Pradesh,Chittor,Madanapalli,Rice,Hansa,FAQ,2005-01-24,950,1050,1000,3
Andhra Pradesh,Chittor,Madanapalli,Rice,Masuri,FAQ,2005-01-26,1250,1350,1300,3
Andhra Pradesh,Chittor,Madanapalli,Rice,Hansa,FAQ,2005-01-26,950,1050,1000,3
Andhra Pradesh,Chittor,Madanapalli,Rice,Hansa,FAQ,2005-01-27,950,1050,1000,3
Andhra Pradesh,Chittor,Madanapalli,Rice,Masuri,FAQ,2005-01-27,1300,1400,1350,3
Andhra Pradesh,Chittor,Madanapalli,Rice,Hansa,FAQ,2005-01-28,950,1050,1000,3
Andhra Pradesh,Chittor,Madanapalli,Rice,Masuri,FAQ,2005-01-28,1300,1400,1350,3
Andhra Pradesh,Chittor,Madanapalli,Rice,Masuri,FAQ,2005-01-29,1300,1400,1350,3
Andhra Pradesh,Chittor,Madanapalli,Rice,Hansa,FAQ,2005-01-29,950,1050,1000,3
Andhra Pradesh,Chittor,Madanapalli,Rice,Masuri,FAQ,2005-01-30,1300,1400,1350,3
Andhra Pradesh,Chittor,Madanapalli,Rice,Hansa,FAQ,2005-01-30,950,1050,1000,3
Andhra Pradesh,Chittor,Madanapalli,Rice,Hansa,FAQ,2005-01-31,950,1050,1000,3
Andhra Pradesh,Chittor,Madanapalli,Rice,Masuri,FAQ,2005-01-31,1300,1400,1350,3
Andhra Pradesh,Chittor,Madanapalli,Rice,Hansa,FAQ,2005-02-01,960,1050,1000,3
Andhra Pradesh,Chittor,Madanapalli,Rice,Masuri,FAQ,2005-02-01,1300,1400,1350,3
Andhra Pradesh,Chittor,Madanapalli,Rice,Masuri,FAQ,2005-02-02,1300,1400,1350,3
Andhra Pradesh,Chittor,Madanapalli,Rice,Hansa,FAQ,2005-02-02,960,1050,1000,3
Andhra Pradesh,Chittor,Madanapalli,Rice,Masuri,FAQ,2005-02-03,1300,1400,1350,3
Andhra Pradesh,Chittor,Madanapalli,Rice,Hansa,FAQ,2005-02-03,960,1050,1000,3
Andhra Pradesh,Chittor,Madanapalli,Rice,Hansa,FAQ,2005-02-04,950,1000,975,3
Andhra Pradesh,Chittor,Madanapalli,Rice,Masuri,FAQ,2005-02-04,1350,1450,1400,3
Andhra Pradesh,Chittor,Madanapalli,Rice,Hansa,FAQ,2005-02-05,950,1000,975,3
Andhra Pradesh,Chittor,Madanapalli,Rice,Masuri,FAQ,2005-02-05,1350,1450,1400,3
Andhra Pradesh,Chittor,Madanapalli,Rice,Masuri,FAQ,2005-02-06,1350,1450,1400,3
Andhra Pradesh,Chittor,Madanapalli,Rice,Hansa,FAQ,2005-02-06,950,1000,975,3
Andhra Pradesh,Chittor,Madanapalli,Rice,Masuri,FAQ,2005-02-07,1350,1450,1400,3
Andhra Pradesh,Chittor,Madanapalli,Rice,Hansa,FAQ,2005-02-07,950,1000,975,3
Andhra Pradesh,Chittor,Madanapalli,Rice,Hansa,FAQ,2005-02-08,950,1000,975,3
Andhra Pradesh,Chittor,Madanapalli,Rice,Masuri,FAQ,2005-02-08,1350,1450,1400,3
Andhra Pradesh,Chittor,Madanapalli,Rice,Masuri,FAQ,2005-02-09,1370,1450,1410,3
Andhra Pradesh,Chittor,Madanapalli,Rice,Hansa,FAQ,2005-02-09,950,1000,975,3
Andhra Pradesh,Chittor,Madanapalli,Rice,Masuri,FAQ,2005-02-10,1370,1450,1410,3
Andhra Pradesh,Chittor,Madanapalli,Rice,Hansa,FAQ,2005-02-10,950,1000,975,3
Andhra Pradesh,Chittor,Madanapalli,Rice,Hansa,FAQ,2005-02-11,950,1000,975,3
Andhra Pradesh,Chittor,Madanapalli,Rice,Masuri,FAQ,2005-02-11,1370,1450,1410,3
Andhra Pradesh,Chittor,Madanapalli,Rice,Hansa,FAQ,2005-02-12,950,1000,975,3
Andhra Pradesh,Chittor,Madanapalli,Rice,Masuri,FAQ,2005-02-12,1370,1450,1410,3
Andhra Pradesh,Chittor,Madanapalli,Rice,Hansa,FAQ,2005-02-13,950,1000,975,3
Andhra Pradesh,Chittor,Madanapalli,Rice,Masuri,FAQ,2005-02-13,1370,1450,1410,3
Andhra Pradesh,Chittor,Madanapalli,Rice,Hansa,FAQ,2005-02-14,950,1050,1000,3
Andhra Pradesh,Chittor,Madanapalli,Rice,Masuri,FAQ,2005-02-14,1370,1450,1410,3
Andhra Pradesh,Chittor,Madanapalli,Rice,Hansa,FAQ,2005-02-15,950,1050,1000,3
Andhra Pradesh,Chittor,Madanapalli,Rice,Masuri,FAQ,2005-02-15,1370,1450,1410,3
Andhra Pradesh,Chittor,Madanapalli,Rice,Hansa,FAQ,2005-02-16,950,1050,1000,3
Andhra Pradesh,Chittor,Madanapalli,Rice,Masuri,FAQ,2005-02-16,1370,1450,1410,3
Andhra Pradesh,Chittor,Madanapalli,Rice,Masuri,FAQ,2005-02-17,1370,1450,1410,3
Andhra Pradesh,Chittor,Madanapalli,Rice,Hansa,FAQ,2005-02-17,950,1050,1000,3
Andhra Pradesh,Chittor,Madanapalli,Rice,Masuri,FAQ,2005-02-18,1370,1450,1410,3
Andhra Pradesh,Chittor,Madanapalli,Rice,Hansa,FAQ,2005-02-18,950,1050,1000,3
Andhra Pradesh,Chittor,Madanapalli,Rice,Hansa,FAQ,2005-02-19,950,1060,1000,3
Andhra Pradesh,Chittor,Madanapalli,Rice,Masuri,FAQ,2005-02-19,1370,1460,1415,3
Andhra Pradesh,Chittor,Madanapalli,Rice,Masuri,FAQ,2005-02-20,1370,1460,1420,3
Andhra Pradesh,Chittor,Madanapalli,Rice,Hansa,FAQ,2005-02-20,950,1060,1000,3
Andhra Pradesh,Chittor,Madanapalli,Rice,Masuri,FAQ,2005-02-21,1370,1460,1420,3
Andhra Pradesh,Chittor,Madanapalli,Rice,Hansa,FAQ,2005-02-21,950,1060,1000,3
Andhra Pradesh,Chittor,Madanapalli,Rice,Hansa,FAQ,2005-02-22,950,1060,1000,3
Andhra Pradesh,Chittor,Madanapalli,Rice,Masuri,FAQ,2005-02-22,1370,1460,1420,3
Andhra Pradesh,Chittor,Madanapalli,Rice,Hansa,FAQ,2005-02-23,950,1060,1000,3
Andhra Pradesh,Chittor,Madanapalli,Rice,Masuri,FAQ,2005-02-23,1370,1460,1410,3
Andhra Pradesh,Chittor,Madanapalli,Rice,Masuri,FAQ,2005-02-24,1370,1470,1420,3
Andhra Pradesh,Chittor,Madanapalli,Rice,Hansa,FAQ,2005-02-24,950,1060,1000,3
Andhra Pradesh,Chittor,Madanapalli,Rice,Masuri,FAQ,2005-02-25,1370,1470,1420,3
Andhra Pradesh,Chittor,Madanapalli,Rice,Hansa,FAQ,2005-02-25,950,1060,1000,3
Andhra Pradesh,Chittor,Madanapalli,Rice,Hansa,FAQ,2005-02-26,950,1060,1000,3
Andhra Pradesh,Chittor,Madanapalli,Rice,Masuri,FAQ,2005-02-26,1370,1470,1420,3
Andhra Pradesh,Chittor,Madanapalli,Rice,Masuri,FAQ,2005-02-27,1370,1470,1420,3
Andhra Pradesh,Chittor,Madanapalli,Rice,Hansa,FAQ,2005-02-27,950,1060,1000,3
Andhra Pradesh,Chittor,Madanapalli,Rice,Hansa,FAQ,2005-02-28,950,1060,1000,3
Andhra Pradesh,Chittor,Madanapalli,Rice,Masuri,FAQ,2005-02-28,1370,1470,1420,3
Andhra Pradesh,Chittor,Madanapalli,Rice,Masuri,FAQ,2005-03-01,1350,1460,1400,3
Andhra Pradesh,Chittor,Madanapalli,Rice,Hansa,FAQ,2005-03-01,950,1050,1000,3
Andhra Pradesh,Chittor,Madanapalli,Rice,Masuri,FAQ,2005-03-02,1350,1460,1400,3
Andhra Pradesh,Chittor,Madanapalli,Rice,Hansa,FAQ,2005-03-02,950,1050,1000,3
Andhra Pradesh,Chittor,Madanapalli,Rice,Masuri,FAQ,2005-03-03,1350,1460,1400,3
Andhra Pradesh,Chittor,Madanapalli,Rice,Hansa,FAQ,2005-03-03,950,1050,1000,3
Andhra Pradesh,Chittor,Madanapalli,Rice,Hansa,FAQ,2005-03-04,950,1050,1000,3
Andhra Pradesh,Chittor,Madanapalli,Rice,Masuri,FAQ,2005-03-04,1350,1460,1400,3
Andhra Pradesh,Chittor,Madanapalli,Rice,Hansa,FAQ,2005-03-05,950,1050,1000,3
Andhra Pradesh,Chittor,Madanapalli,Rice,Masuri,FAQ,2005-03-05,1350,1460,1400,3
Andhra Pradesh,Chittor,Madanapalli,Rice,Masuri,FAQ,2005-03-06,1350,1450,1400,3
Andhra Pradesh,Chittor,Madanapalli,Rice,Hansa,FAQ,2005-03-06,950,1050,1000,3
Andhra Pradesh,Chittor,Madanapalli,Rice,Masuri,FAQ,2005-03-07,1350,1450,1400,3
Andhra Pradesh,Chittor,Madanapalli,Rice,Hansa,FAQ,2005-03-07,950,1050,1000,3
Andhra Pradesh,Chittor,Madanapalli,Rice,Masuri,FAQ,2005-03-08,1350,1450,1400,3
Andhra Pradesh,Chittor,Madanapalli,Rice,Hansa,FAQ,2005-03-08,950,1050,1000,3
Andhra Pradesh,Chittor,Madanapalli,Rice,Masuri,FAQ,2005-03-09,1350,1450,1400,3
Andhra Pradesh,Chittor,Madanapalli,Rice,Hansa,FAQ,2005-03-09,950,1050,1000,3
Andhra Pradesh,Chittor,Madanapalli,Rice,Hansa,FAQ,2005-03-10,950,1050,1000,3
Andhra Pradesh,Chittor,Madanapalli,Rice,Hansa,FAQ,2005-03-11,930,1050,990,3
Andhra Pradesh,Chittor,Madanapalli,Rice,Masuri,FAQ,2005-03-11,1340,1450,1395,3
Andhra Pradesh,Chittor,Madanapalli,Rice,Hansa,FAQ,2005-03-12,930,1050,990,3
Andhra Pradesh,Chittor,Madanapalli,Rice,Masuri,FAQ,2005-03-12,1320,1400,1360,3
Andhra Pradesh,Chittor,Madanapalli,Rice,Masuri,FAQ,2005-03-13,1320,1400,1360,3
Andhra Pradesh,Chittor,Madanapalli,Rice,Hansa,FAQ,2005-03-13,930,1050,990,3
Andhra Pradesh,Chittor,Madanapalli,Rice,Masuri,FAQ,2005-03-14,1320,1400,1360,3
Andhra Pradesh,Chittor,Madanapalli,Rice,Hansa,FAQ,2005-03-14,930,1050,990,3
Andhra Pradesh,Chittor,Madanapalli,Rice,Masuri,FAQ,2005-03-15,1320,1400,1360,3
Andhra Pradesh,Chittor,Madanapalli,Rice,Hansa,FAQ,2005-03-15,930,1050,990,3
Andhra Pradesh,Chittor,Madanapalli,Rice,Hansa,FAQ,2005-03-16,930,1050,990,3
Andhra Pradesh,Chittor,Madanapalli,Rice,Masuri,FAQ,2005-03-16,1320,1400,1360,3
Andhra Pradesh,Chittor,Madanapalli,Rice,Hansa,FAQ,2005-03-17,930,1000,965,3
Andhra Pradesh,Chittor,Madanapalli,Rice,Masuri,FAQ,2005-03-17,1310,1400,1355,3
Andhra Pradesh,Chittor,Madanapalli,Rice,Masuri,FAQ,2005-03-18,1310,1400,1355,3
Andhra Pradesh,Chittor,Madanapalli,Rice,Hansa,FAQ,2005-03-18,930,1000,965,3
Andhra Pradesh,Chittor,Madanapalli,Rice,Masuri,FAQ,2005-03-19,1310,1400,1355,3
Andhra Pradesh,Chittor,Madanapalli,Rice,Hansa,FAQ,2005-03-19,930,1000,965,3
Andhra Pradesh,Chittor,Madanapalli,Rice,Hansa,FAQ,2005-03-20,930,1000,965,3
Andhra Pradesh,Chittor,Madanapalli,Rice,Masuri,FAQ,2005-03-20,1310,1400,1355,3
Andhra Pradesh,Chittor,Madanapalli,Rice,Hansa,FAQ,2005-03-21,950,1020,985,3
Andhra Pradesh,Chittor,Madanapalli,Rice,Masuri,FAQ,2005-03-21,1300,1400,1350,3
Andhra Pradesh,Chittor,Madanapalli,Rice,Hansa,FAQ,2005-03-22,950,1020,985,3
Andhra Pradesh,Chittor,Madanapalli,Rice,Masuri,FAQ,2005-03-22,1300,1400,1350,3
Andhra Pradesh,Chittor,Madanapalli,Rice,Masuri,FAQ,2005-03-23,1300,1400,1350,3
Andhra Pradesh,Chittor,Madanapalli,Rice,Hansa,FAQ,2005-03-23,950,1020,985,3
Andhra Pradesh,Chittor,Madanapalli,Rice,Hansa,FAQ,2005-03-24,950,1020,985,3
Andhra Pradesh,Chittor,Madanapalli,Rice,Masuri,FAQ,2005-03-24,1300,1400,1350,3
Andhra Pradesh,Chittor,Madanapalli,Rice,Hansa,FAQ,2005-03-25,950,1050,1000,3
Andhra Pradesh,Chittor,Madanapalli,Rice,Masuri,FAQ,2005-03-25,1350,1450,1400,3
Andhra Pradesh,Chittor,Madanapalli,Rice,Hansa,FAQ,2005-03-26,950,1050,1000,3
Andhra Pradesh,Chittor,Madanapalli,Rice,Masuri,FAQ,2005-03-26,1350,1450,1400,3
Andhra Pradesh,Chittor,Madanapalli,Rice,Masuri,FAQ,2005-03-27,1350,1450,1400,3
Andhra Pradesh,Chittor,Madanapalli,Rice,Hansa,FAQ,2005-03-27,950,1050,1000,3
Andhra Pradesh,Chittor,Madanapalli,Rice,Masuri,FAQ,2005-03-28,1350,1450,1400,3
Andhra Pradesh,Chittor,Madanapalli,Rice,Hansa,FAQ,2005-03-28,950,1050,1000,3
Andhra Pradesh,Chittor,Madanapalli,Rice,Masuri,FAQ,2005-03-29,1350,1450,1400,3
Andhra Pradesh,Chittor,Madanapalli,Rice,Hansa,FAQ,2005-03-29,950,1050,1000,3
Andhra Pradesh,Chittor,Madanapalli,Rice,Masuri,FAQ,2005-03-30,1350,1450,1400,3
Andhra Pradesh,Chittor,Madanapalli,Rice,Hansa,FAQ,2005-03-30,950,1050,1000,3
Andhra Pradesh,Chittor,Madanapalli,Rice,Masuri,FAQ,2005-03-31,1370,1450,1405,3
Andhra Pradesh,Chittor,Madanapalli,Rice,Hansa,FAQ,2005-03-31,960,1060,1010,3
Andhra Pradesh,Chittor,Madanapalli,Rice,Hansa,FAQ,2005-04-01,960,1060,1010,3
Andhra Pradesh,Chittor,Madanapalli,Rice,Masuri,FAQ,2005-04-01,1370,1450,1410,3
Andhra Pradesh,Chittor,Madanapalli,Rice,Masuri,FAQ,2005-04-02,1370,1450,1410,3
Andhra Pradesh,Chittor,Madanapalli,Rice,Hansa,FAQ,2005-04-02,960,1060,1010,3
Andhra Pradesh,Chittor,Madanapalli,Rice,Hansa,FAQ,2005-04-03,960,1060,1010,3
Andhra Pradesh,Chittor,Madanapalli,Rice,Masuri,FAQ,2005-04-03,1370,1450,1410,3
Andhra Pradesh,Chittor,Madanapalli,Rice,Hansa,FAQ,2005-04-04,960,1060,1010,3
Andhra Pradesh,Chittor,Madanapalli,Rice,Masuri,FAQ,2005-04-04,1370,1450,1410,3
Andhra Pradesh,Chittor,Madanapalli,Rice,Masuri,FAQ,2005-04-05,1370,1460,1410,3
Andhra Pradesh,Chittor,Madanapalli,Rice,Hansa,FAQ,2005-04-05,950,1060,1000,3
Andhra Pradesh,Chittor,Madanapalli,Rice,Hansa,FAQ,2005-04-06,950,1060,1000,3
Andhra Pradesh,Chittor,Madanapalli,Rice,Masuri,FAQ,2005-04-06,1370,1460,1410,3
Andhra Pradesh,Chittor,Madanapalli,Rice,Hansa,FAQ,2005-04-07,950,1060,1000,3
Andhra Pradesh,Chittor,Madanapalli,Rice,Masuri,FAQ,2005-04-07,1370,1460,1410,3
Andhra Pradesh,Chittor,Madanapalli,Rice,Masuri,FAQ,2005-04-08,1370,1460,1410,3
Andhra Pradesh,Chittor,Madanapalli,Rice,Hansa,FAQ,2005-04-08,950,1060,1000,3
Andhra Pradesh,Chittor,Madanapalli,Rice,Masuri,FAQ,2005-04-09,1370,1470,1420,3
Andhra Pradesh,Chittor,Madanapalli,Rice,Hansa,FAQ,2005-04-09,950,1070,1010,3
Andhra Pradesh,Chittor,Madanapalli,Rice,Hansa,FAQ,2005-04-10,950,1070,1010,3
Andhra Pradesh,Chittor,Madanapalli,Rice,Masuri,FAQ,2005-04-10,1370,1470,1420,3
Andhra Pradesh,Chittor,Madanapalli,Rice,Hansa,FAQ,2005-04-11,950,1070,1010,3
Andhra Pradesh,Chittor,Madanapalli,Rice,Masuri,FAQ,2005-04-11,1370,1470,1420,3
Andhra Pradesh,Chittor,Madanapalli,Rice,Masuri,FAQ,2005-04-12,1370,1470,1420,3
Andhra Pradesh,Chittor,Madanapalli,Rice,Hansa,FAQ,2005-04-12,950,1070,1010,3
Andhra Pradesh,Chittor,Madanapalli,Rice,Hansa,FAQ,2005-04-13,950,1070,1010,3
Andhra Pradesh,Chittor,Madanapalli,Rice,Masuri,FAQ,2005-04-13,1370,1470,1420,3
Andhra Pradesh,Chittor,Madanapalli,Rice,Hansa,FAQ,2005-04-14,960,1070,1010,3
Andhra Pradesh,Chittor,Madanapalli,Rice,Masuri,FAQ,2005-04-14,1380,1470,1430,3
Andhra Pradesh,Chittor,Madanapalli,Rice,Hansa,FAQ,2005-04-15,960,1070,1015,3
Andhra Pradesh,Chittor,Madanapalli,Rice,Masuri,FAQ,2005-04-15,1380,1470,1430,3
Andhra Pradesh,Chittor,Madanapalli,Rice,Masuri,FAQ,2005-04-16,1380,1470,1430,3
Andhra Pradesh,Chittor,Madanapalli,Rice,Hansa,FAQ,2005-04-16,960,1070,1010,3
Andhra Pradesh,Chittor,Madanapalli,Rice,Masuri,FAQ,2005-04-17,1380,1470,1420,3
Andhra Pradesh,Chittor,Madanapalli,Rice,Hansa,FAQ,2005-04-17,960,1070,1010,3
Andhra Pradesh,Chittor,Madanapalli,Rice,Masuri,FAQ,2005-04-18,1390,1480,1435,3
Andhra Pradesh,Chittor,Madanapalli,Rice,Hansa,FAQ,2005-04-18,950,1060,1010,3
Andhra Pradesh,Chittor,Madanapalli,Rice,Hansa,FAQ,2005-04-19,950,1060,1010,3
Andhra Pradesh,Chittor,Madanapalli,Rice,Masuri,FAQ,2005-04-19,1390,1480,1435,3
Andhra Pradesh,Chittor,Madanapalli,Rice,Hansa,FAQ,2005-04-20,950,1060,1010,3
Andhra Pradesh,Chittor,Madanapalli,Rice,Masuri,FAQ,2005-04-20,1390,1480,1435,3
Andhra Pradesh,Chittor,Madanapalli,Rice,Hansa,FAQ,2005-04-21,950,1060,1010,3
Andhra Pradesh,Chittor,Madanapalli,Rice,Masuri,FAQ,2005-04-21,1390,1480,1435,3
Andhra Pradesh,Chittor,Madanapalli,Rice,Masuri,FAQ,2005-04-22,1390,1480,1435,3
Andhra Pradesh,Chittor,Madanapalli,Rice,Hansa,FAQ,2005-04-22,950,1060,1000,3
Andhra Pradesh,Chittor,Madanapalli,Rice,Masuri,FAQ,2005-04-23,1390,1480,1435,3
Andhra Pradesh,Chittor,Madanapalli,Rice,Hansa,FAQ,2005-04-23,950,1060,1000,3
Andhra Pradesh,Chittor,Madanapalli,Rice,Hansa,FAQ,2005-04-24,930,1050,990,3
Andhra Pradesh,Chittor,Madanapalli,Rice,Masuri,FAQ,2005-04-24,1370,1470,1420,3
Andhra Pradesh,Chittor,Madanapalli,Rice,Hansa,FAQ,2005-04-25,930,1050,990,3
Andhra Pradesh,Chittor,Madanapalli,Rice,Masuri,FAQ,2005-04-25,1370,1470,1420,3
Andhra Pradesh,Chittor,Madanapalli,Rice,Masuri,FAQ,2005-04-26,1370,1470,1420,3
Andhra Pradesh,Chittor,Madanapalli,Rice,Hansa,FAQ,2005-04-26,930,1050,990,3
Andhra Pradesh,Chittor,Madanapalli,Rice,Masuri,FAQ,2005-04-27,1370,1470,1420,3
Andhra Pradesh,Chittor,Madanapalli,Rice,Hansa,FAQ,2005-04-27,930,1050,990,3
Andhra Pradesh,Chittor,Madanapalli,Rice,Masuri,FAQ,2005-04-28,1360,1470,1415,3
Andhra Pradesh,Chittor,Madanapalli,Rice,Hansa,FAQ,2005-04-28,930,1040,985,3
Andhra Pradesh,Chittor,Madanapalli,Rice,Hansa,FAQ,2005-04-29,930,1040,985,3
Andhra Pradesh,Chittor,Madanapalli,Rice,Masuri,FAQ,2005-04-29,1360,1470,1415,3
Andhra Pradesh,Chittor,Madanapalli,Rice,Masuri,FAQ,2005-04-30,1360,1470,1415,3
Andhra Pradesh,Chittor,Madanapalli,Rice,Hansa,FAQ,2005-04-30,930,1040,985,3
Andhra Pradesh,Chittor,Madanapalli,Rice,Masuri,FAQ,2005-05-01,1360,1470,1415,3
Andhra Pradesh,Chittor,Madanapalli,Rice,Hansa,FAQ,2005-05-01,930,1040,985,3
Andhra Pradesh,Chittor,Madanapalli,Rice,Hansa,FAQ,2005-05-02,930,1040,980,3
Andhra Pradesh,Chittor,Madanapalli,Rice,Masuri,FAQ,2005-05-02,1360,1470,1410,3
Andhra Pradesh,Chittor,Madanapalli,Rice,Masuri,FAQ,2005-05-03,1360,1470,1415,3
Andhra Pradesh,Chittor,Madanapalli,Rice,Hansa,FAQ,2005-05-03,930,1040,985,3
Andhra Pradesh,Chittor,Madanapalli,Rice,Hansa,FAQ,2005-05-04,930,1040,985,3
Andhra Pradesh,Chittor,Madanapalli,Rice,Masuri,FAQ,2005-05-04,1360,1470,1415,3
Andhra Pradesh,Chittor,Madanapalli,Rice,Masuri,FAQ,2005-05-05,1360,1470,1415,3
Andhra Pradesh,Chittor,Madanapalli,Rice,Hansa,FAQ,2005-05-05,930,1040,985,3
Andhra Pradesh,Chittor,Madanapalli,Rice,Masuri,FAQ,2005-05-06,1350,1450,1400,3
Andhra Pradesh,Chittor,Madanapalli,Rice,Hansa,FAQ,2005-05-06,950,1050,1000,3
Andhra Pradesh,Chittor,Madanapalli,Rice,Masuri,FAQ,2005-05-07,1350,1450,1400,3
Andhra Pradesh,Chittor,Madanapalli,Rice,Hansa,FAQ,2005-05-07,950,1050,1000,3
Andhra Pradesh,Chittor,Madanapalli,Rice,Hansa,FAQ,2005-05-08,950,1050,1000,3
Andhra Pradesh,Chittor,Madanapalli,Rice,Masuri,FAQ,2005-05-08,1350,1450,1400,3
Andhra Pradesh,Chittor,Madanapalli,Rice,Hansa,FAQ,2005-05-09,950,1050,1000,3
Andhra Pradesh,Chittor,Madanapalli,Rice,Masuri,FAQ,2005-05-09,1350,1450,1400,3
Andhra Pradesh,Chittor,Madanapalli,Rice,Hansa,FAQ,2005-05-10,950,1050,1000,3
Andhra Pradesh,Chittor,Madanapalli,Rice,Masuri,FAQ,2005-05-10,1350,1450,1400,3
Andhra Pradesh,Chittor,Madanapalli,Rice,Masuri,FAQ,2005-05-11,1350,1450,1400,3
Andhra Pradesh,Chittor,Madanapalli,Rice,Hansa,FAQ,2005-05-11,950,1050,1000,3
Andhra Pradesh,Chittor,Madanapalli,Rice,Masuri,FAQ,2005-05-12,1350,1450,1400,3
Andhra Pradesh,Chittor,Madanapalli,Rice,Hansa,FAQ,2005-05-12,950,1050,1000,3
Andhra Pradesh,Chittor,Madanapalli,Rice,Masuri,FAQ,2005-05-13,1350,1450,1400,3
Andhra Pradesh,Chittor,Madanapalli,Rice,Hansa,FAQ,2005-05-13,950,1050,1000,3
Andhra Pradesh,Chittor,Madanapalli,Rice,Hansa,FAQ,2005-05-14,950,1050,1000,3
Andhra Pradesh,Chittor,Madanapalli,Rice,Masuri,FAQ,2005-05-14,1360,1450,1405,3
Andhra Pradesh,Chittor,Madanapalli,Rice,Masuri,FAQ,2005-05-15,1360,1450,1405,3
Andhra Pradesh,Chittor,Madanapalli,Rice,Hansa,FAQ,2005-05-15,950,1050,1000,3
Andhra Pradesh,Chittor,Madanapalli,Rice,Hansa,FAQ,2005-05-16,950,1050,1000,3
Andhra Pradesh,Chittor,Madanapalli,Rice,Masuri,FAQ,2005-05-16,1360,1450,1405,3
Andhra Pradesh,Chittor,Madanapalli,Rice,Hansa,FAQ,2005-05-17,950,1050,1000,3
Andhra Pradesh,Chittor,Madanapalli,Rice,Masuri,FAQ,2005-05-17,1360,1450,1405,3
Andhra Pradesh,Chittor,Madanapalli,Rice,Masuri,FAQ,2005-05-18,1360,1450,1405,3
Andhra Pradesh,Chittor,Madanapalli,Rice,Hansa,FAQ,2005-05-18,950,1050,1000,3
Andhra Pradesh,Chittor,Madanapalli,Rice,Hansa,FAQ,2005-05-19,950,1050,1000,3
Andhra Pradesh,Chittor,Madanapalli,Rice,Masuri,FAQ,2005-05-19,1360,1450,1405,3
Andhra Pradesh,Chittor,Madanapalli,Rice,Hansa,FAQ,2005-05-20,950,1050,1000,3
Andhra Pradesh,Chittor,Madanapalli,Rice,Masuri,FAQ,2005-05-20,1350,1450,1400,3
Andhra Pradesh,Chittor,Madanapalli,Rice,Hansa,FAQ,2005-05-21,950,1050,1000,3
Andhra Pradesh,Chittor,Madanapalli,Rice,Masuri,FAQ,2005-05-21,1350,1450,1400,3
Andhra Pradesh,Chittor,Madanapalli,Rice,Masuri,FAQ,2005-05-22,1350,1450,1400,3
Andhra Pradesh,Chittor,Madanapalli,Rice,Hansa,FAQ,2005-05-22,950,1050,1000,3
Andhra Pradesh,Chittor,Madanapalli,Rice,Hansa,FAQ,2005-05-23,950,1050,1000,3
Andhra Pradesh,Chittor,Madanapalli,Rice,Masuri,FAQ,2005-05-23,1350,1450,1400,3
Andhra Pradesh,Chittor,Madanapalli,Rice,Masuri,FAQ,2005-05-24,1350,1450,1400,3
Andhra Pradesh,Chittor,Madanapalli,Rice,Hansa,FAQ,2005-05-24,950,1050,1000,3
Andhra Pradesh,Chittor,Madanapalli,Rice,Hansa,FAQ,2005-05-25,970,1050,1010,3
Andhra Pradesh,Chittor,Madanapalli,Rice,Masuri,FAQ,2005-05-25,1340,1450,1405,3
Andhra Pradesh,Chittor,Madanapalli,Rice,Masuri,FAQ,2005-05-26,1340,1450,1405,3
Andhra Pradesh,Chittor,Madanapalli,Rice,Hansa,FAQ,2005-05-26,970,1050,1010,3
Andhra Pradesh,Chittor,Madanapalli,Rice,Hansa,FAQ,2005-05-27,970,1050,1010,3
Andhra Pradesh,Chittor,Madanapalli,Rice,Masuri,FAQ,2005-05-27,1340,1450,1405,3
Andhra Pradesh,Chittor,Madanapalli,Rice,Hansa,FAQ,2005-05-28,970,1050,1010,3
Andhra Pradesh,Chittor,Madanapalli,Rice,Masuri,FAQ,2005-05-28,1340,1450,1405,3
Andhra Pradesh,Chittor,Madanapalli,Rice,Masuri,FAQ,2005-05-29,1340,1450,1405,3
Andhra Pradesh,Chittor,Madanapalli,Rice,Hansa,FAQ,2005-05-29,970,1050,1010,3
Andhra Pradesh,Chittor,Madanapalli,Rice,Masuri,FAQ,2005-05-30,1340,1450,1405,3
Andhra Pradesh,Chittor,Madanapalli,Rice,Hansa,FAQ,2005-05-30,970,1050,1010,3
Andhra Pradesh,Chittor,Madanapalli,Rice,Hansa,FAQ,2005-05-31,970,1050,1010,3
Andhra Pradesh,Chittor,Madanapalli,Rice,Masuri,FAQ,2005-05-31,1340,1450,1405,3
Andhra Pradesh,Chittor,Madanapalli,Rice,Hansa,FAQ,2005-06-01,950,1030,990,3
Andhra Pradesh,Chittor,Madanapalli,Rice,Masuri,FAQ,2005-06-01,1350,1450,1400,3
Andhra Pradesh,Chittor,Madanapalli,Rice,Masuri,FAQ,2005-06-03,1350,1450,1400,3
Andhra Pradesh,Chittor,Madanapalli,Rice,Hansa,FAQ,2005-06-03,950,1030,990,3
Andhra Pradesh,Chittor,Madanapalli,Rice,Masuri,FAQ,2005-06-04,1350,1450,1400,3
Andhra Pradesh,Chittor,Madanapalli,Rice,Hansa,FAQ,2005-06-04,950,1030,990,3
Andhra Pradesh,Chittor,Madanapalli,Rice,Hansa,FAQ,2005-06-05,950,1030,990,3
Andhra Pradesh,Chittor,Madanapalli,Rice,Masuri,FAQ,2005-06-05,1350,1450,1400,3
Andhra Pradesh,Chittor,Madanapalli,Rice,Hansa,FAQ,2005-06-06,950,1030,990,3
Andhra Pradesh,Chittor,Madanapalli,Rice,Masuri,FAQ,2005-06-06,1350,1450,1400,3
Andhra Pradesh,Chittor,Madanapalli,Rice,Hansa,FAQ,2005-06-07,950,1030,990,3
Andhra Pradesh,Chittor,Madanapalli,Rice,Masuri,FAQ,2005-06-07,1350,1450,1400,3
Andhra Pradesh,Chittor,Madanapalli,Rice,Masuri,FAQ,2005-06-08,1350,1450,1400,3
Andhra Pradesh,Chittor,Madanapalli,Rice,Hansa,FAQ,2005-06-08,930,1030,980,3
Andhra Pradesh,Chittor,Madanapalli,Rice,Masuri,FAQ,2005-06-09,1350,1450,1400,3
Andhra Pradesh,Chittor,Madanapalli,Rice,Hansa,FAQ,2005-06-09,930,1030,980,3
Andhra Pradesh,Chittor,Madanapalli,Rice,Masuri,FAQ,2005-06-10,1350,1450,1400,3
Andhra Pradesh,Chittor,Madanapalli,Rice,Hansa,FAQ,2005-06-10,930,1030,980,3
Andhra Pradesh,Chittor,Madanapalli,Rice,Hansa,FAQ,2005-06-11,930,1030,980,3
Andhra Pradesh,Chittor,Madanapalli,Rice,Masuri,FAQ,2005-06-11,1350,1450,1400,3
Andhra Pradesh,Chittor,Madanapalli,Rice,Masuri,FAQ,2005-06-12,1350,1450,1400,3
Andhra Pradesh,Chittor,Madanapalli,Rice,Hansa,FAQ,2005-06-12,930,1030,980,3
Andhra Pradesh,Chittor,Madanapalli,Rice,Masuri,FAQ,2005-06-13,1400,1500,1450,3
Andhra Pradesh,Chittor,Madanapalli,Rice,Hansa,FAQ,2005-06-13,980,1100,1040,3
Andhra Pradesh,Chittor,Madanapalli,Rice,Masuri,FAQ,2005-06-14,1400,1500,1450,3
Andhra Pradesh,Chittor,Madanapalli,Rice,Hansa,FAQ,2005-06-14,980,1100,1040,3
Andhra Pradesh,Chittor,Madanapalli,Rice,Masuri,FAQ,2005-06-15,1400,1500,1450,3
Andhra Pradesh,Chittor,Madanapalli,Rice,Hansa,FAQ,2005-06-15,980,1100,1040,3
Andhra Pradesh,Chittor,Madanapalli,Rice,Hansa,FAQ,2005-06-16,980,1100,1040,3
Andhra Pradesh,Chittor,Madanapalli,Rice,Masuri,FAQ,2005-06-16,1400,1500,1450,3
Andhra Pradesh,Chittor,Madanapalli,Rice,Hansa,FAQ,2005-06-17,980,1100,1040,3
Andhra Pradesh,Chittor,Madanapalli,Rice,Masuri,FAQ,2005-06-17,1400,1500,1450,3
Andhra Pradesh,Chittor,Madanapalli,Rice,Masuri,FAQ,2005-06-18,1400,1500,1450,3
Andhra Pradesh,Chittor,Madanapalli,Rice,Hansa,FAQ,2005-06-18,980,1100,1040,3
Andhra Pradesh,Chittor,Madanapalli,Rice,Masuri,FAQ,2005-06-19,1400,1500,1450,3
Andhra Pradesh,Chittor,Madanapalli,Rice,Hansa,FAQ,2005-06-19,980,1100,1040,3
